id,concatted,vendor,product_name,units,brand,detail_url,sku,upc
42397296,NoFrills~Fruitcake Dark with Marzipan@500g^Farmer's Market,NoFrills,Fruitcake Dark with Marzipan,500g,Farmer's Market,https://www.nofrills.ca/en/fruitcake-dark-with-marzipan/p/21394769_EA?source=nspt,21394769_EA,
58056009,"Walmart~Your Fresh Market Cinnamon Coffee Cake, 500 g@500g^Your Fresh Market",Walmart,"Cinnamon Coffee Cake, 500 g",500g,Your Fresh Market,https://www.walmart.ca/en/ip/your-fresh-market-cinnamon-coffee-cake/6000207619899?selectedSellerId=0,6000207619899,627735268989.0
44871281,NoFrills~Pork and Beef Tourtiere@500g^Farmer's Market,NoFrills,Pork and Beef Tourtiere,500g,Farmer's Market,https://www.nofrills.ca/en/pork-and-beef-tourtiere/p/21401995_EA?source=nspt,21401995_EA,
57336519,TandT~HKMX Creamy Custard Mooncake@45gx8^,TandT,HKMX Creamy Custard Mooncake,45gx8,,https://www.tntsupermarket.com/eng/76891501-hk-mc-premium-egg-custard-mooncake.html,76891501,
57521955,TandT~T&T Bakery Baked Cheese Durian Bread@120gx2^,TandT,T&T Bakery Baked Cheese Durian Bread,120gx2,,https://www.tntsupermarket.com/eng/53502201-baked-cheese-durian-bread.html,53502201,
20488,Galleria~error@error^,Galleria,error,error,,,,
52877918,"SaveOnFoods~Potatoes - Russet, Foil Wrapped, 4 Each@foil wrapped4 each^Potatoes",SaveOnFoods,"Russet, Foil Wrapped, 4 Each",foil wrapped4 each,Potatoes,https://www.saveonfoods.com/sm/pickup/rsid/2210/product/potatoes-russet-foil-wrapped-id-00033383571041,00033383571041,33383571041.0
58991980,"Walmart~Pack of 10 - Gourmet du Village Tzatziki Dip Mix, 0.6 Ounce@0.6 ounce^Gourmet du Village",Walmart,"Pack of 10 - Tzatziki Dip Mix, 0.6 Ounce",0.6 ounce,Gourmet du Village,https://www.walmart.ca/en/ip/Pack-of-10-Gourmet-du-Village-Tzatziki-Dip-Mix-0-6-Ounce/6H6KWM77COW0?fulfillmentIntent=Pickup&filters=%5B%7B%22intent%22%3A%22fulfillmentIntent%22%2C%22values%22%3A%5B%22Pickup%22%5D%7D%5D&classType=REGULAR,6H6KWM77COW0,
20319,Galleria~FRESH ABF PORK SHOULDER BLADE@$8.98^,Galleria,FRESH ABF PORK SHOULDER BLADE,$8.98,,,,
